len_group,metric,MannKendall,p,slope
5,MDD,no trend,0.050010258971978194,0.0
5,NDD,increasing,6.644684802381562e-12,1.2453436298245398e-05
5,Height,decreasing,4.570546205950876e-07,0.0
5,Ratio$_{head-final}$,increasing,6.084022174945858e-14,0.0
5,treeDegree,increasing,6.417089082333405e-14,0.0
5,#Leaves,increasing,4.0523140398818214e-13,0.0
5,degreeVar,increasing,8.881784197001252e-16,0.0
5,degreeMean,increasing,0.000705772653857073,0.0
5,depthVar,decreasing,4.439559830871076e-12,0.0
5,depthMean,decreasing,2.2566635757836906e-06,0.0
5,d$_{head-final}$,decreasing,5.7429151212318175e-08,0.0
5,#Crossings,no trend,1.0,0.0
5,Height$_{dependency}$,increasing,8.255194539086297e-05,0.0
5,d$_{root}$,increasing,4.2051473414517204e-11,0.0
5,d$_{randomTree}$,no trend,0.46466343509936836,0.0
10,MDD,no trend,0.8252653894505051,0.0
10,NDD,no trend,0.33192968394173383,3.152189639460527e-06
10,Height,decreasing,0.00324548308277528,0.0
10,Ratio$_{head-final}$,increasing,0.005960632956057088,8.949804151487528e-20
10,treeDegree,increasing,0.011202277983020759,0.0
10,#Leaves,no trend,0.13303258581780542,0.0
10,degreeVar,increasing,0.0034459833988176314,5.078465874139959e-06
10,degreeMean,no trend,0.5856589760505142,0.0
10,depthVar,decreasing,0.0038299108193069475,-8.119479297799103e-06
10,depthMean,decreasing,0.0006342786590001204,-1.0995294014161928e-05
10,d$_{head-final}$,no trend,0.08607271984177034,0.0
10,#Crossings,no trend,0.794527888267178,0.0
10,Height$_{dependency}$,no trend,0.36178341213582055,0.0
10,d$_{root}$,no trend,0.37680264453490686,0.0
10,d$_{randomTree}$,no trend,0.06780369478971071,0.0
15,MDD,no trend,0.13012021738979995,0.0
15,NDD,decreasing,0.0346341492953528,-1.1383926684415566e-05
15,Height,no trend,0.10227128687530107,0.0
15,Ratio$_{head-final}$,increasing,0.023228365364250436,3.5367682426504844e-06
15,treeDegree,no trend,0.09535140408467413,0.0
15,#Leaves,no trend,0.0985915951613352,0.0
15,degreeVar,increasing,0.0003974813160254609,1.9256550856454614e-05
15,degreeMean,no trend,0.5393655101801329,0.0
15,depthVar,no trend,0.0837199536692641,-1.393142866403482e-05
15,depthMean,decreasing,0.01640100499161723,-1.0730448486321274e-05
15,d$_{head-final}$,decreasing,0.005463975102370178,0.0
15,#Crossings,no trend,0.5020743926074906,0.0
15,Height$_{dependency}$,no trend,0.7279815427128078,0.0
15,d$_{root}$,no trend,0.3068182134804951,0.0
15,d$_{randomTree}$,no trend,0.2659076640030822,0.0
20,MDD,no trend,0.17612048850944695,6.301673724540779e-06
20,NDD,no trend,0.056234211225159925,-1.1505819891257614e-05
20,Height,no trend,0.29284646392681424,0.0
20,Ratio$_{head-final}$,no trend,0.3067959003713314,-1.2872663645683476e-06
20,treeDegree,no trend,0.05677760403272991,0.0
20,#Leaves,no trend,0.5509928780512328,0.0
20,degreeVar,no trend,0.30727537486844314,-5.719116471105057e-19
20,degreeMean,no trend,0.075121886346182,0.0
20,depthVar,no trend,0.2240702868031481,1.474373909676219e-05
20,depthMean,no trend,0.24318347193084322,5.249509170892193e-06
20,d$_{head-final}$,no trend,0.5119797089184546,0.0
20,#Crossings,no trend,0.276570217250218,0.0
20,Height$_{dependency}$,no trend,0.20023310257086235,0.0
20,d$_{root}$,no trend,0.0603590955162947,0.0
20,d$_{randomTree}$,no trend,0.5641826488773314,0.0
30,MDD,no trend,0.15459006767519745,-1.018343359200402e-05
30,NDD,increasing,0.02571092662895924,1.5345359677876214e-05
30,Height,no trend,0.28293960686634545,0.0
30,Ratio$_{head-final}$,no trend,0.05628165867102197,-2.600280378058099e-06
30,treeDegree,decreasing,0.0005598505103474594,0.0
30,#Leaves,no trend,0.9180087661769267,0.0
30,degreeVar,no trend,0.1329677061584087,-6.203404869422278e-06
30,degreeMean,no trend,0.6538316447835744,0.0
30,depthVar,no trend,0.2941187852661946,1.998834797580881e-05
30,depthMean,no trend,0.3377301475343879,8.957184257655184e-06
30,d$_{head-final}$,increasing,0.015711833098540184,0.0
30,#Crossings,no trend,0.9285889160608616,0.0
30,Height$_{dependency}$,no trend,0.34147374746238923,0.0
30,d$_{root}$,no trend,0.15426924243202267,0.0
30,d$_{randomTree}$,no trend,0.9794826885302532,0.0
40,MDD,no trend,0.8271166772116287,0.0
40,NDD,no trend,0.37821407367889526,6.5420195683764325e-06
40,Height,no trend,0.2372271096669658,0.0
40,Ratio$_{head-final}$,no trend,0.5659636538684825,-6.837256227062701e-07
40,treeDegree,decreasing,0.0452925359553884,0.0
40,#Leaves,no trend,0.8763842532801236,0.0
40,degreeVar,no trend,0.16938942626649123,-7.870073537190637e-06
40,degreeMean,no trend,0.07602977969780711,0.0
40,depthVar,no trend,0.22506177429925867,2.841700384424442e-05
40,depthMean,no trend,0.3920244897502354,9.597737319667926e-06
40,d$_{head-final}$,no trend,0.5585976042995002,0.0
40,#Crossings,no trend,0.4949200775909135,0.0
40,Height$_{dependency}$,no trend,0.8439524103620732,0.0
40,d$_{root}$,no trend,0.33229479827117014,0.0
40,d$_{randomTree}$,no trend,0.7194845663219169,0.0
50,MDD,no trend,0.30968730259370325,-8.428314854984129e-06
50,NDD,no trend,0.49647974288047747,5.390738234431821e-06
50,Height,no trend,0.10195688949603987,0.0
50,Ratio$_{head-final}$,decreasing,6.8655159759511974e-06,-5.206441161878288e-06
50,treeDegree,decreasing,0.00021808742795470515,0.0
50,#Leaves,no trend,0.13244651165037613,0.0
50,degreeVar,decreasing,0.00045666988497261585,-2.5095677269590348e-05
50,degreeMean,no trend,0.5488786502859826,0.0
50,depthVar,no trend,0.06565126750839778,5.31960430696805e-05
50,depthMean,increasing,0.008128315908270123,3.334667200213478e-05
50,d$_{head-final}$,increasing,0.006566004536368464,0.0
50,#Crossings,no trend,0.2532225735050324,0.0
50,Height$_{dependency}$,no trend,0.7702305886528269,0.0
50,d$_{root}$,no trend,0.9131168186691763,0.0
50,d$_{randomTree}$,no trend,0.30192027381085174,0.0
60,MDD,no trend,0.43174197695806105,-6.684527724938334e-06
60,NDD,no trend,0.21563138427958117,9.97068329293882e-06
60,Height,increasing,0.032018921741694406,0.0
60,Ratio$_{head-final}$,decreasing,0.004418273270569095,-3.0451784211903906e-06
60,treeDegree,decreasing,1.2710487430789286e-05,0.0
60,#Leaves,no trend,0.6569779008662848,0.0
60,degreeVar,decreasing,0.00739238717627555,-1.8460000200511875e-05
60,degreeMean,no trend,0.6121616673047696,0.0
60,depthVar,increasing,0.0029923681860997142,0.0001020986671512645
60,depthMean,increasing,0.04529935412539188,2.8289341892940743e-05
60,d$_{head-final}$,no trend,0.2326540642783108,0.0
60,#Crossings,no trend,0.47044149978524663,0.0
60,Height$_{dependency}$,no trend,0.5127949375021448,0.0
60,d$_{root}$,no trend,0.5202108493691988,0.0
60,d$_{randomTree}$,no trend,0.4940186670845059,0.0
70,MDD,decreasing,0.024167768073868556,-2.0820809958627577e-05
70,NDD,no trend,0.14546104358881373,1.2013282610324318e-05
70,Height,increasing,0.0010215490348692846,0.0
70,Ratio$_{head-final}$,decreasing,9.624151697806838e-09,-5.594925440713445e-06
70,treeDegree,decreasing,0.004933545094390368,0.0
70,#Leaves,no trend,0.13592137660633208,0.0
70,degreeVar,decreasing,0.00019170224261833013,-2.3718740072656704e-05
70,degreeMean,increasing,0.012820909468838071,0.0
70,depthVar,increasing,0.0008636612148844591,0.00012560128594040447
70,depthMean,increasing,0.003128532763825076,4.39718010450835e-05
70,d$_{head-final}$,increasing,0.01064257500710064,0.0
70,#Crossings,no trend,0.452383745614648,0.0
70,Height$_{dependency}$,no trend,0.4162175532292869,0.0
70,d$_{root}$,no trend,0.6606729848866031,0.0
70,d$_{randomTree}$,no trend,0.8588421182297195,0.0
